INSERT INTO genres
  (id, name)
VALUES
  (28, 'Action'),
  (12, 'Adventure'),
  (16, 'Animation'),
  (35, 'Comedy'),
  (80, 'Crime'),
  (99, 'Documentary'),
  (18, 'Drama'),
  (10751, 'Family'),
  (14, 'Fantasy'),
  (36, 'History'),
  (27, 'Horror'),
  (10402, 'Music'),
  (9648, 'Mystery'),
  (10749, 'Romance'),
  (878, 'Science Fiction'),
  (10770, 'TV Movie'),
  (53, 'Thriller'),
  (10752, 'War'),
  (37, 'Western')
;

INSERT INTO languages
  (id, abbreviation, name)
VALUES
  (1, 'da', 'Danish'),
  (2, 'de', 'German'),
  (3, 'en', 'English'),
  (4, 'es', 'Spanish'),
  (5, 'fr', 'French'),
  (6, 'hi', 'Hindi'),
  (7, 'it', 'Italian'),
  (8, 'ja', 'Japanese'),
  (9, 'ko', 'Korean'),
  (10, 'nl', 'Dutch'),
  (11, 'xx', 'Not Applicable')
;

INSERT INTO movies 
  (id, title, average_rating, language_id)
VALUES
  ('0011aba9e4a033237690017ecfa1f960', 'Dear Zachary: A Letter to a Son About His Father', 8.4, 3),
  ('00ef0234bb72eaea7c389182a1f72de7', 'The Emoji Movie', 5.7, 3),
  ('02dbfb0c3dff35d8299167a9d022bd10', 'Tangled: Before Ever After', 6.5, 3),
  ('0554ecd59ff07787d239e4051909f594', 'Beauty and the Beast', 7.6, 3),
  ('073ecd93e0eb2f3e504cd34fafcd3c1f', 'Wedding Wonderland', 2.8, 3),
  ('092baa97a6d0c08a476c78cb79bf27b4', 'True Grit', 7.1, 3),
  ('0a5d5cfdaa5d87b266fb97ab7d135f2c', 'Bullet Head', 8, 3),
  ('0c6bf3bce786aaf828f5a77188f5cdac', 'Psycho', 8.3, 3),
  ('0ef856ff60b13f10198b692fd67eda2a', 'Split', 7, 3),
  ('0ffddb304f039f597f8e41d2048f93d2', 'Dunkirk', 7.5, 3),
  ('1259a1b75b2031e79d19bf0e17326ca4', 'Thor: The Dark World', 6.7, 3),
  ('13e9c54d3cb9aef8931a997348739962', 'Alvin and the Chipmunks', 5.5, 3),
  ('14a5e76741d06c65dc2d959c9178ec7c', 'Big Hero 6', 7.8, 3),
  ('14aef9b17f88d228c71e427e3162d5dd', 'Chicago', 6.9, 3),
  ('174401416fcdb793b001f02931e0b6d4', 'The Revenant', 7.3, 3),
  ('1a2cd652ba043283547ba15774ba2082', 'Deep', 0, 3),
  ('1c3204db239da82e9dcb91024f82a6d7', 'Doctor Strange', 7.1, 3),
  ('1c57b107e09badb6788527851ad511b7', 'Avatar', 7.2, 3),
  ('1c9f64c31ee021f5933caba9a6cfc0d4', 'The Fault in Our Stars', 7.6, 3),
  ('1d87077388793eccaf780d619a252741', 'Edward Scissorhands', 7.6, 3),
  ('20879164e66477d8f713d7d585dd660d', 'Hidden Figures', 7.8, 3),
  ('20b93042d5d6a0b0710b8063bf58fe08', 'Saving Private Ryan', 7.9, 3),
  ('20c14f7785c7f6f948d6c1ce474f09c0', 'The King''s Speech', 7.6, 3),
  ('23db54acfab3e087627077137b2cd78c', 'November Criminals', 5.3, 3),
  ('24a7f9b6c91950dfcdff9f9d54a97545', 'Dilwale Dulhania Le Jayenge', 9.1, 6),
  ('262edd9ec0cc60a3d0a51b4df6affcf3', 'American Made', 6.4, 3),
  ('26f32157913467f6b6bc3fc7045fe496', 'Christmas in Angel Falls', 6, 3),
  ('26f61cd71a5516251fa3e37a6a5243d6', 'Sharknado 5: Global Swarming', 5, 3),
  ('29051de7bf7c7c55eaa1640b8012214f', 'Pulp Fiction', 8.3, 3),
  ('2a99573b9d9fdb8b0e97293a9a90c795', 'Love & Saucers', 0, 3),
  ('2bb15d1dc77f1843f1b92dc3d85afe53', 'And the Winner Isn''t', 0, 3),
  ('2c3daeaec837133b6df914a6423e131b', 'Deadpool', 7.4, 3),
  ('2e9b10ff9e16ef98c38e3316944177d2', 'Twilight', 5.8, 3),
  ('2ea6ae76bb8ea84107ee633c36163a41', 'Fifty Shades of Grey', 5.3, 3),
  ('2ece2f031ed970dbe12eee72e0d58fb6', 'Model for Murder: The Centerfold Killer', 10, 3),
  ('2fb557df0c68ba02e16c4e4f11a75596', 'Sicario', 7.2, 3),
  ('2ff82288b9f9f69b7351cabeb9bc25bd', 'Ferdinand', 5.3, 3),
  ('3077550f825addaa62b75d6805356da4', 'Olaf''s Frozen Adventure', 7.3, 3),
  ('322a550dce1f8e1812edbd45b7024121', 'The Dark Tower', 5.6, 3),
  ('328dc047df4d5530829d96bca5068a89', 'Captain America: Civil War', 7.1, 3),
  ('336dc8595e9fdeb15b139c5fd8e108d9', 'Hollow in the Land', 5.5, 3),
  ('33c7d06c5677a84ecd41a5b4d5e1037f', 'The Twilight Saga: New Moon', 5.6, 3),
  ('35cffdbe3f8ea8ead82b9a10f177cbd1', 'Enron: The Smartest Guys in the Room', 7.2, 3),
  ('366da79ff9dc4b57b1d0ae8eb48899e4', 'We Are Legion: The Story of the Hacktivists', 6.9, 3),
  ('36f4c6fb0e9bff164728261ec49b9162', 'Forrest Gump', 8.3, 3),
  ('3746f08451dd3b65d8c680868980ad44', 'Frozen', 7.3, 3),
  ('398e2e245d9310f3e177c335d232afa0', 'Bedeviled', 4.9, 3),
  ('39ea3aec7bfc62c51c70bf1ee56ce42d', 'I ALegend', 6.9, 3),
  ('3a05a17d738d939c14c1399abecbe245', 'Pitch Perfect 2', 6.8, 3),
  ('3b01d7414e4e4af0886178aa3aca880c', 'Django Unchained', 7.8, 3),
  ('3befce83e2ce7c4ef48e8efb5472682c', 'Sleight', 5.4, 3),
  ('3c12ab5d38c6fb78d001be2ced1b8b7e', 'After Porn Ends 2', 6, 3),
  ('3cd978769d44e9da14898004ac06e79e', 'The Chinese Exclusion Act', 0, 3),
  ('3d8f3233a8f517d37c9f34b1012c1a59', 'Toy Story', 7.7, 3),
  ('3dd11a543fdbfbef547f18780c85853c', 'Karen Kingsbury''s Maggie''s Christmas Miracle', 0, 3),
  ('3e13d001c1caa22e0ce068189dd44cfc', 'John Wick', 7, 3),
  ('40f3056c4bafe3f4e294c94c13a42e84', 'Baby Driver', 7.3, 3),
  ('443baa07eefeaa418227d085818be94b', 'Cowboys & Aliens', 5.4, 3),
  ('44df84071673d8f5ba89aa4cd557326c', 'Trolls Holiday', 7.2, 3),
  ('45d17299fafb0cddb98eb04eafa7c940', 'Sharing Christmas', 6, 3),
  ('460ab827ba41fc0ef3d68d02b5e2cec0', 'Top Gun', 6.7, 3),
  ('46b2bb204c187b3884b4e0f269a7b676', 'Blade Runner 2049', 7.4, 3),
  ('46bd1bc8f02ed2c230619952bf6d6982', 'The Hitman''s Bodyguard', 6.6, 3),
  ('474f326baab20668dc1b784cfa20e840', 'It', 7.2, 3),
  ('482c32adea33e3d249f80b6dbdfeb3c2', 'Bears', 7.2, 3),
  ('49f736feb7c2b617b10bfc728c3d473d', 'Spider-Man: Homecoming', 7.3, 3),
  ('4b9c4f83f2a0b4795f8d1f2a99935406', 'San Andreas Quake', 3.5, 3),
  ('4bb2603c27e5b961089b45a62c930f64', 'Guardians of the Galaxy Vol. 2', 7.6, 3),
  ('4c95348cb0b80724be3979d8c8960b6e', 'La La Land', 7.9, 3),
  ('4d7dec8366ffc1b0f8f364f00ab01da0', 'Don''t Breathe', 6.7, 3),
  ('4d83d81fa9d8cbb4f4ecfe314d64854a', 'Star Wars: The Force Awakens', 7.5, 3),
  ('4dea7df756d2cfd11a696a55fed4d17d', 'Singin'' in the Rain', 7.9, 3),
  ('4e098c688e7c6779a4b76a6117c57838', 'Cinderella', 6.6, 3),
  ('4fc8fc2b16d438bc846f07695cc342f5', 'Justice League', 6.6, 3),
  ('50fd639ebcc32260d6246933f5e4ad39', 'Adventures in Babysitting', 7.1, 3),
  ('525ab06d25e89cf992ec83e6d11aad0c', '1922', 6.2, 3),
  ('5297eb3bbf328da2982677275d8080a1', 'Wheelman', 6.1, 3),
  ('5346b368419b4e7512c62b8846ab4c14', 'Chiara e Francesco', 3.5, 7),
  ('53d6db3cb6e79af5a4fd7f3f85b064c9', 'All the Money in the World', 0, 3),
  ('57b8076a14aa895a594c0ab092271023', 'Thor', 6.6, 3),
  ('57d2e72af365f8b7badf777f94c4cda3', 'PhantoThread', 0, 3),
  ('57dc724f7fca931354470055e3dda0cc', 'Inception', 8.1, 3),
  ('57fc6e609ed8cdffe22728990b80e6a4', 'Daddy''s Home 2', 5.8, 3),
  ('588166b83eba84b693cfa5ad858ae4b1', 'Full Metal Jacket', 8, 3),
  ('599a84cfac67c10fafd9016d812a3d19', 'The Autopsy of Jane Doe', 6.4, 3),
  ('5a1bff6552e0289e7009f75084092258', 'King Arthur: Legend of the Sword', 6.5, 3),
  ('5b74cd7847648f64bd74491260f73f01', 'Fantastic Beasts and Where to Find Them', 7.2, 3),
  ('5b91bf587a170ce33eb4bfe9dcc909d7', 'Apocalypse Now', 8.1, 3),
  ('5c30d720e94e192b1ac291eb02069899', 'Kingsman: The Golden Circle', 7.1, 3),
  ('5cac025b18f119d0cc13c928c1c1fb7e', 'Les Misérables', 7.2, 3),
  ('5cbf082fe4464ad8a88f4d6124b36e93', 'Corpse Bride', 7.2, 3),
  ('5fbb3511ecc42121981bb895df996cd6', 'The Avengers', 7.5, 3),
  ('60f971331aa31ebb6d2c60a12238ac87', 'Star Wars: The Last Jedi', 5.7, 3),
  ('62c19a16c5df788f484814cbd7150857', 'Hell or High Water', 7.2, 3),
  ('632d4590d9e13cb656a5bfebd9d34343', 'The Wizard of Lies', 6.5, 3),
  ('63a99cbc52c83378142d74770b645c37', 'Straight Outta Compton', 7.7, 3),
  ('6427083c504cd10bd7e1389bc163ac9b', 'The Godfather', 8.5, 3),
  ('65500daecc1131593fbb7d52e2935993', 'The Current War', 0, 3),
  ('6762f8a57f279958ee2d4d1016390db1', 'The Godfather: Part II', 8.3, 3),
  ('67714b00e4cc4996c96a69d3a146414b', 'Duel', 7.3, 3),
  ('68403e92c65a49025946ed828677c991', 'Inglourious Basterds', 7.9, 3),
  ('6952091f5cbfcfe2ef57ed5514c029de', 'Wind River', 7.5, 3),
  ('6a067094ad69eca7dc13fd3457c9da08', 'Train to Busan', 7.7, 9),
  ('6a7701030f188fd44a1d165c8699ee78', 'The Dark Knight', 8.3, 3),
  ('6b3bf5a34b5ec174f29f8a4e90428002', 'Metallica: Some Kind of Monster', 6.7, 3),
  ('6b6f7970ffd07ce40c59c023d46563fc', 'The Twilight Saga: Breaking Dawn - Part 1', 5.8, 3),
  ('6bb52d2d970eb0c96c8a42b3bfe4bd32', 'Once Upon a Time in the West', 8.1, 7),
  ('6e943ef7085d81dca4ce0966c240d74f', 'The Last Samurai', 7.3, 3),
  ('6fe54d3cb8c256864f6b273e98cf0f84', 'Wonder', 7.6, 3),
  ('70be72d18d4adbdd46fa3259014629d3', 'Charlie and the Chocolate Factory', 6.7, 3),
  ('7690d2c3981c24a36733b96bfe2c4bcc', 'I ANot Your Negro', 8, 3),
  ('76bb73943e2aacc706e99917672e9dd2', 'Logan Lucky', 6.6, 3),
  ('76f8d776ec4fd69d6805b23f24ef3357', 'The Hunger Games: Mockingjay - Part 1', 6.7, 3),
  ('776531cf82774bd8e4d7a3e4712cfbaf', 'Wonder Wheel', 3.3, 3),
  ('78196a44767afa6bb81ce143f304e3b7', 'Happy Death Day', 6.4, 3),
  ('7afb0e938c074cc5d9c7eab7aad39aa0', 'Murder on the Orient Express', 6.8, 3),
  ('7b52e0fa2fed3de3171ec255abc08f48', 'The Star', 4.5, 3),
  ('7b55bd712c037b6c3b37c4643248cd92', 'The Hobbit: The Battle of the Five Armies', 7.2, 3),
  ('7b6f645c9e477ae6d319d6bb98d92a36', 'Inside Out', 8, 3),
  ('7d8613212459ea5077b992914743a1f6', 'Step Up', 6.7, 3),
  ('7dbbf1a3ba15e18408d821dfefbf0ed1', 'Black Mirror: White Christmas', 8.3, 3),
  ('7dd6240abc9b62a44efdf62b01039040', 'Finding Nemo', 7.6, 3),
  ('7ddb2f7e668b4d88868a43414d748d5c', 'The Purge', 6, 3),
  ('7f57dc6aa7f7aafbd39fb3099c73688d', 'The Fate of the Furious', 6.8, 3),
  ('807da0e6f1f22924154dbd7483bf5c43', 'The Shawshank Redemption', 8.5, 3),
  ('820d5c9aef08b8d299ef74a68dd70a0c', 'The Tribes of Palos Verdes', 6, 3),
  ('833b9197caf69cd9f9fe389b278cd5af', 'Now You See Me 2', 6.7, 3),
  ('844dbc159b3fec3d1af2d1be71f0ac44', 'Harry Potter and the Deathly Hallows: Part 2', 7.9, 3),
  ('84b1a651aef5ce91d7fa165fe4098675', 'Beauty and the Beast', 6.8, 3),
  ('84fbbaf0995f5d0aabc55c346225109d', 'A Fistful of Dollars', 7.7, 7),
  ('86eebe8731a720306f37a3b2f25db853', 'Ice Age: A Mammoth Christmas', 6, 3),
  ('8dda2510f569b7e9a31878c5b5ccf713', 'The Twilight Saga: Eclipse', 5.9, 3),
  ('8ea05b45e0ec25fc39972d5127e349e2', 'Alien: Covenant', 5.8, 3),
  ('8fcedd87aabfbc68aba5ed8ff65383da', 'Apache Warrior', 0, 3),
  ('91967019a18dfbf0dce65c9954e50fd5', 'For a Few Dollars More', 7.8, 7),
  ('920162d4bc2128d99fe09e293606845b', 'John Wick: Chapter 2', 6.7, 3),
  ('9346cd1a8b82de7e63198b2ad997728d', 'Cave of Forgotten Dreams', 7.2, 3),
  ('93d777e49c46f28ea733f433d41476d1', 'Schindler''s List', 8.3, 3),
  ('93ea9913c61371c34aeaaeeefa8334fe', 'Zootopia', 7.7, 3),
  ('9420a72b32066eb95c4e3c0af7a0f3fd', '3:10 to Yuma', 7, 3),
  ('95689920aa4a193dcf71569d0c9e1502', 'The Magnificent Seven', 5.9, 3),
  ('959de6dc73581d11400b005db23c7eba', 'Victoria & Abdul', 6.8, 3),
  ('960391985f91a3929d76cd543895cf06', 'Harry Potter and the Philosopher''s Stone', 7.6, 3),
  ('98855723d4a74828be1a4e02a3ab31a6', 'The Man Who Invented Christmas', 4.3, 3),
  ('98c1ef1810cb237a96f8c48d2f710dec', 'Taxi', 6.8, 3),
  ('992e2345403324f98d4e317dc42215cd', 'Rise of the Guardians', 7.1, 3),
  ('99cb0f2bdd73d46d8dcbd3fe5ca10b76', 'Revolt', 5.2, 3),
  ('9bdc32b4b8d102b8672b6811fc27117d', 'Saw', 7.2, 3),
  ('9ca81b4d34ce89cc4d49da72d34f811d', 'mother!', 7.1, 3),
  ('9db4a2999bd6c5195fd54ae3afae07f8', 'Arrival', 7.2, 3),
  ('9f9c8124b42e0538b5f74e92d9318a80', 'Gotti', 0, 3),
  ('9fa91efc845f379dda5a4b611db06b81', 'Puberty: Sexual Education For Boys And Girls', 0, 3),
  ('a33bebedf36d8f283f1612604b313f3f', 'Wish Upon', 5.5, 3),
  ('a716e61b08b490dc9d410950382248c5', 'The Hateful Eight', 7.6, 3),
  ('aacf049b1609e654edf287a4ddd5926f', 'Detroit', 7.4, 3),
  ('ac39289e3bbf5fa15b350b380f454fd3', 'Rango', 6.6, 3),
  ('acf90419b4842bb2423d1730f2ab1f01', 'The Killing of a Sacred Deer', 6, 3),
  ('aedbec99bb17b8a1b0450fbfd65bd27a', 'A Christmas Prince', 6.6, 3),
  ('aee770325cc90cb95e2b61b0857da796', 'Hostiles', 0, 3),
  ('afc81b9f2eb80fd48efdf4b4c180bc47', 'Minions', 6.4, 3),
  ('b13be227442d1d464d7b30e58e5f62d0', 'Annabelle: Creation', 6.4, 3),
  ('b22bd5301c5a6e6dee779cd00d5f8918', '13th', 8, 3),
  ('b22e2c16ab5765137d078185cb75eb84', 'Christmas Encore', 0, 3),
  ('b3018d09aef8228bf49f665224521e18', 'The Twilight Saga: Breaking Dawn - Part 2', 6.1, 3),
  ('b441dda050eb1b4e27fdb134fc665077', 'Amanda Knox', 6.7, 3),
  ('b442f4baecc077d8d606356f031aeb33', 'Dolly & Otto', 0, 3),
  ('b459da38f37f3e57930cc2eca415eb7b', 'Pirates of the Caribbean: Dead Men Tell No Tales', 6.6, 3),
  ('b62419fa80f10af7a8e26a61f2ef9718', 'Jigsaw', 5.8, 3),
  ('b693670da822943993d54670b9cb0c97', 'Prayers for Bobby', 7.6, 3),
  ('b7309e076efd11cf4adbda1d401d819e', 'Gone Girl', 7.9, 3),
  ('b7ea1b33e80615dc4de73f809b1d65a8', 'War for the Planet of the Apes', 6.7, 3),
  ('b8a0fc2f131e1ebd8d58bf8a15b226b3', 'The Curious Case of Benjamin Button', 7.3, 3),
  ('b90d03ff6e2218e0cb01eece5b0d6a79', 'The Good, the Bad and the Ugly', 8.2, 7),
  ('ba8ae70891a3e90d1960bf24df19352b', 'The Beguiled', 5.8, 3),
  ('bb4b8b65a0f05a9d62a288bbae756ba1', 'Enemy at the Gates', 7.2, 3),
  ('bbc097370df9d61574c77a09d6c86493', 'Coco', 7.7, 3),
  ('bbcf79323f64e61ef7cffe1f3b0792a5', 'Atomic Blonde', 6, 3),
  ('bc034e50b914401a7b2fb45bc6bcdfd6', 'Rogue One: A Star Wars Story', 7.4, 3),
  ('bd2cbb3c263f20638108a73d0bc8b22e', 'The Christmas Cottage', 6, 3),
  ('bdacd7d1e59d0c08f49da656e6f386bc', 'Valerian and the City of a Thousand Planets', 6.7, 3),
  ('be6a3ed0487f1e1e54f604485782feae', 'Descendants 2', 7.4, 3),
  ('bea8c315d66746f4a1da72ae2481f2d3', 'Hangman', 0, 3),
  ('c06bf347a31215391861cdfa9b6299a5', 'Darkest Hour', 3.3, 3),
  ('c1d6d64f5d1a7380feb3894030a30934', 'Wonder Woman', 7.2, 3),
  ('c2f94d66117b8730a433b774650919e3', 'Roman J. Israel, Esq.', 5.8, 3),
  ('c7579043c0e6a1bbf9360361492f7f02', 'Jiro Dreams of Sushi', 7.8, 3),
  ('c8110a6d852cb7fbf168128ee384e4ce', 'Pitch Perfect', 7.3, 3),
  ('c9640001e9c97eae34942620b236e672', 'Anthropoid', 6.9, 3),
  ('c9a8430161b81572aff6211090b448c8', '300', 7, 3),
  ('c9c556bb1191592f6f90ac98c15873ec', 'Spectre', 6.3, 3),
  ('caaf50923323282828ed2d4738a86e9f', 'Cars 3', 6.7, 3),
  ('cd28a7b39dd74030919d375f834bd253', 'American Sniper', 7.4, 3),
  ('d06b047d93b9442550c5ada599f3e2b1', 'Dracula Untold', 6.2, 3),
  ('d19e5bb2b7df5ce7efbadc8945358278', 'Moulin Rouge!', 7.4, 3),
  ('d54e5fc6436b088b7f4fd2e091773d47', 'A Million Ways to Die in the West', 5.8, 3),
  ('d5866eebed169eb9c312fb49df7f33c4', 'Before the Flood', 7.9, 3),
  ('d5d0abc13f1c13220753a966fc65ff8b', 'Fury', 7.4, 3),
  ('d79b18d705d092a79496e384ebd1f48e', 'Dawn of the Planet of the Apes', 7.2, 3),
  ('d8e748f27416fb2624886b00a2848be2', 'The Greatest Showman', 0, 3),
  ('d8e8383fc33ee9b81a0ceee41c1d9b66', 'Ice Age: The Great Egg-Scapade', 5.8, 3),
  ('d93a01789c09695be6d8458e26938709', 'The Maze Runner', 7, 3),
  ('dacf18ef974ace56d7f9a6e2dfe92cf6', 'The Notebook', 7.7, 3),
  ('dbf7c89069100bc7bb7d8d000ea1987d', 'Rudolph, the Red-Nosed Reindeer', 6.9, 3),
  ('dc41a570a03efacbb73a8253c80c4122', 'The Post', 0, 3),
  ('dff65e8ee82e0e5d4559922bd607fa05', 'The Ballad of Lefty Brown', 0, 3),
  ('e0cfc7d096410607765c2a1698b3eaa9', 'Your Name.', 8.5, 8),
  ('e0d36d88b2688618b1550ce8bf61fcaf', 'Logan', 7.6, 3),
  ('e12b66e1fd4dabe0e697e440a7a5c480', 'Song to Song', 5.5, 3),
  ('e1349475d76922166b50de20e380ccf2', 'Jumanji', 6.9, 3),
  ('e337a740e22b349344077ddb73c50f10', '47 Meters Down', 5.2, 3),
  ('e559965610ae6d547f05bad962097466', 'Sing', 6.9, 3),
  ('e564dc045bec3304963cdae32f8853b0', 'Ghost in the Shell', 5.9, 3),
  ('e6575a4616c038e9c06c8c3bb611487b', 'Crooked House', 6.7, 3),
  ('e708ed266c3af85357a48893c97de678', 'Despicable Me 2', 7, 3),
  ('e782f8acf2ad0b2aac150327806362f5', 'The Lone Ranger', 5.9, 3),
  ('ebfe0232f18b3e3d903e2eba89febae9', 'The Disaster Artist', 7.7, 3),
  ('ec48fd0f2727450e0a164a166e2bf740', 'Lucy', 6.2, 3),
  ('ed5320364f99109be63263b7d86d51c5', 'Hacksaw Ridge', 7.9, 3),
  ('ee1141354b49db956aaeb0e9036d00c4', 'The Imitation Game', 8, 3),
  ('f0a969cc30461b7b3b919a6963640154', 'Life Is Beautiful', 8.3, 7),
  ('f179b9f3d2279e7d3ad91b6f0ecc694e', 'Unforgiven', 7.8, 3),
  ('f2aba1ff8578b929f51544c62133a69d', 'Thor: Ragnarok', 7.5, 3),
  ('f3ee92b344ab177d19a8f1d1cef96f92', 'Miss Peregrine''s Home for Peculiar Children', 6.6, 3),
  ('f4a299649991585596718ed9048eb753', 'Spirited Away', 8.3, 8),
  ('f6ab9e220d0248e9bd89b2f31e9124b9', 'Loving Vincent', 8.3, 3),
  ('f7032e1b21a4e9396e86ffdc02ece6a5', 'Harry Potter and the Order of the Phoenix', 7.4, 3),
  ('f745df06345753feeb9e3d6eee688d81', 'The Incredibles', 7.4, 3),
  ('f7f494993024187e18a37f6dd496a15e', 'Love Beats Rhymes', 6.8, 3),
  ('f83b10cfa399d9859ed6080bd32d6fde', 'Tickled', 7.4, 3),
  ('f885c6141174e0cea6e1e45e7de48366', 'How the Grinch Stole Christmas', 6.2, 3),
  ('f8b5badb740f0c0ccdd49a00b6ba4774', 'Home Again', 5.2, 3),
  ('f977bc07111010dd0363b068ce4c5311', 'Jumanji: Welcome to the Jungle', 6.6, 3),
  ('fd7e4555a42eab2d2f31aa11d8b3acc3', 'The Shape of Water', 8.1, 3),
  ('fdb94f99fbe3f973f9cc366d0a8a7e4d', 'Rescue Under Fire', 6.4, 4),
  ('ff21cbf8e6bb9acd59276f4c04361240', 'Terminator Genisys', 5.8, 3),
  ('ff9132f9c9b2aa8e9289d3afda395c08', 'Sweeney Todd: The Demon Barber of Fleet Street', 7, 3)
;

INSERT INTO movies_genres
  (movie_id, genre_id)
VALUES
  ('0011aba9e4a033237690017ecfa1f960', 18),
  ('0011aba9e4a033237690017ecfa1f960', 80),
  ('0011aba9e4a033237690017ecfa1f960', 99),
  ('00ef0234bb72eaea7c389182a1f72de7', 10751),
  ('00ef0234bb72eaea7c389182a1f72de7', 16),
  ('00ef0234bb72eaea7c389182a1f72de7', 35),
  ('02dbfb0c3dff35d8299167a9d022bd10', 10751),
  ('02dbfb0c3dff35d8299167a9d022bd10', 10770),
  ('02dbfb0c3dff35d8299167a9d022bd10', 12),
  ('02dbfb0c3dff35d8299167a9d022bd10', 14),
  ('02dbfb0c3dff35d8299167a9d022bd10', 16),
  ('02dbfb0c3dff35d8299167a9d022bd10', 35),
  ('0554ecd59ff07787d239e4051909f594', 10402),
  ('0554ecd59ff07787d239e4051909f594', 10749),
  ('0554ecd59ff07787d239e4051909f594', 10751),
  ('0554ecd59ff07787d239e4051909f594', 14),
  ('0554ecd59ff07787d239e4051909f594', 16),
  ('073ecd93e0eb2f3e504cd34fafcd3c1f', 10749),
  ('092baa97a6d0c08a476c78cb79bf27b4', 12),
  ('092baa97a6d0c08a476c78cb79bf27b4', 18),
  ('092baa97a6d0c08a476c78cb79bf27b4', 37),
  ('0a5d5cfdaa5d87b266fb97ab7d135f2c', 18),
  ('0a5d5cfdaa5d87b266fb97ab7d135f2c', 53),
  ('0a5d5cfdaa5d87b266fb97ab7d135f2c', 80),
  ('0c6bf3bce786aaf828f5a77188f5cdac', 18),
  ('0c6bf3bce786aaf828f5a77188f5cdac', 27),
  ('0c6bf3bce786aaf828f5a77188f5cdac', 53),
  ('0ef856ff60b13f10198b692fd67eda2a', 27),
  ('0ef856ff60b13f10198b692fd67eda2a', 53),
  ('0ffddb304f039f597f8e41d2048f93d2', 10752),
  ('0ffddb304f039f597f8e41d2048f93d2', 18),
  ('0ffddb304f039f597f8e41d2048f93d2', 28),
  ('0ffddb304f039f597f8e41d2048f93d2', 36),
  ('0ffddb304f039f597f8e41d2048f93d2', 53),
  ('1259a1b75b2031e79d19bf0e17326ca4', 12),
  ('1259a1b75b2031e79d19bf0e17326ca4', 14),
  ('1259a1b75b2031e79d19bf0e17326ca4', 28),
  ('13e9c54d3cb9aef8931a997348739962', 10402),
  ('13e9c54d3cb9aef8931a997348739962', 10751),
  ('13e9c54d3cb9aef8931a997348739962', 14),
  ('13e9c54d3cb9aef8931a997348739962', 16),
  ('13e9c54d3cb9aef8931a997348739962', 35),
  ('14a5e76741d06c65dc2d959c9178ec7c', 10751),
  ('14a5e76741d06c65dc2d959c9178ec7c', 12),
  ('14a5e76741d06c65dc2d959c9178ec7c', 16),
  ('14a5e76741d06c65dc2d959c9178ec7c', 28),
  ('14a5e76741d06c65dc2d959c9178ec7c', 35),
  ('14aef9b17f88d228c71e427e3162d5dd', 10402),
  ('14aef9b17f88d228c71e427e3162d5dd', 18),
  ('14aef9b17f88d228c71e427e3162d5dd', 28),
  ('14aef9b17f88d228c71e427e3162d5dd', 35),
  ('14aef9b17f88d228c71e427e3162d5dd', 80),
  ('174401416fcdb793b001f02931e0b6d4', 12),
  ('174401416fcdb793b001f02931e0b6d4', 18),
  ('174401416fcdb793b001f02931e0b6d4', 37),
  ('174401416fcdb793b001f02931e0b6d4', 53),
  ('1a2cd652ba043283547ba15774ba2082', 16),
  ('1c3204db239da82e9dcb91024f82a6d7', 12),
  ('1c3204db239da82e9dcb91024f82a6d7', 14),
  ('1c3204db239da82e9dcb91024f82a6d7', 28),
  ('1c3204db239da82e9dcb91024f82a6d7', 878),
  ('1c57b107e09badb6788527851ad511b7', 12),
  ('1c57b107e09badb6788527851ad511b7', 14),
  ('1c57b107e09badb6788527851ad511b7', 28),
  ('1c57b107e09badb6788527851ad511b7', 878),
  ('1c9f64c31ee021f5933caba9a6cfc0d4', 10749),
  ('1c9f64c31ee021f5933caba9a6cfc0d4', 18),
  ('1d87077388793eccaf780d619a252741', 10749),
  ('1d87077388793eccaf780d619a252741', 14),
  ('1d87077388793eccaf780d619a252741', 18),
  ('20879164e66477d8f713d7d585dd660d', 18),
  ('20879164e66477d8f713d7d585dd660d', 36),
  ('20b93042d5d6a0b0710b8063bf58fe08', 10752),
  ('20b93042d5d6a0b0710b8063bf58fe08', 18),
  ('20b93042d5d6a0b0710b8063bf58fe08', 36),
  ('20c14f7785c7f6f948d6c1ce474f09c0', 18),
  ('20c14f7785c7f6f948d6c1ce474f09c0', 36),
  ('23db54acfab3e087627077137b2cd78c', 18),
  ('23db54acfab3e087627077137b2cd78c', 80),
  ('24a7f9b6c91950dfcdff9f9d54a97545', 10749),
  ('24a7f9b6c91950dfcdff9f9d54a97545', 18),
  ('24a7f9b6c91950dfcdff9f9d54a97545', 35),
  ('262edd9ec0cc60a3d0a51b4df6affcf3', 28),
  ('262edd9ec0cc60a3d0a51b4df6affcf3', 35),
  ('262edd9ec0cc60a3d0a51b4df6affcf3', 36),
  ('262edd9ec0cc60a3d0a51b4df6affcf3', 80),
  ('26f32157913467f6b6bc3fc7045fe496', 10770),
  ('26f32157913467f6b6bc3fc7045fe496', 18),
  ('26f61cd71a5516251fa3e37a6a5243d6', 10770),
  ('26f61cd71a5516251fa3e37a6a5243d6', 27),
  ('26f61cd71a5516251fa3e37a6a5243d6', 28),
  ('26f61cd71a5516251fa3e37a6a5243d6', 35),
  ('26f61cd71a5516251fa3e37a6a5243d6', 878),
  ('29051de7bf7c7c55eaa1640b8012214f', 53),
  ('29051de7bf7c7c55eaa1640b8012214f', 80),
  ('2a99573b9d9fdb8b0e97293a9a90c795', 10749),
  ('2a99573b9d9fdb8b0e97293a9a90c795', 878),
  ('2a99573b9d9fdb8b0e97293a9a90c795', 9648),
  ('2a99573b9d9fdb8b0e97293a9a90c795', 99),
  ('2bb15d1dc77f1843f1b92dc3d85afe53', 99),
  ('2c3daeaec837133b6df914a6423e131b', 12),
  ('2c3daeaec837133b6df914a6423e131b', 28),
  ('2c3daeaec837133b6df914a6423e131b', 35),
  ('2e9b10ff9e16ef98c38e3316944177d2', 10749),
  ('2e9b10ff9e16ef98c38e3316944177d2', 12),
  ('2e9b10ff9e16ef98c38e3316944177d2', 14),
  ('2e9b10ff9e16ef98c38e3316944177d2', 18),
  ('2ea6ae76bb8ea84107ee633c36163a41', 10749),
  ('2ea6ae76bb8ea84107ee633c36163a41', 18),
  ('2ea6ae76bb8ea84107ee633c36163a41', 53),
  ('2ece2f031ed970dbe12eee72e0d58fb6', 27),
  ('2ece2f031ed970dbe12eee72e0d58fb6', 53),
  ('2ece2f031ed970dbe12eee72e0d58fb6', 9648),
  ('2fb557df0c68ba02e16c4e4f11a75596', 18),
  ('2fb557df0c68ba02e16c4e4f11a75596', 28),
  ('2fb557df0c68ba02e16c4e4f11a75596', 53),
  ('2fb557df0c68ba02e16c4e4f11a75596', 80),
  ('2fb557df0c68ba02e16c4e4f11a75596', 9648),
  ('2ff82288b9f9f69b7351cabeb9bc25bd', 10751),
  ('2ff82288b9f9f69b7351cabeb9bc25bd', 16),
  ('2ff82288b9f9f69b7351cabeb9bc25bd', 35),
  ('3077550f825addaa62b75d6805356da4', 10402),
  ('3077550f825addaa62b75d6805356da4', 10751),
  ('3077550f825addaa62b75d6805356da4', 12),
  ('3077550f825addaa62b75d6805356da4', 14),
  ('3077550f825addaa62b75d6805356da4', 16),
  ('3077550f825addaa62b75d6805356da4', 35),
  ('322a550dce1f8e1812edbd45b7024121', 14),
  ('322a550dce1f8e1812edbd45b7024121', 27),
  ('322a550dce1f8e1812edbd45b7024121', 28),
  ('322a550dce1f8e1812edbd45b7024121', 37),
  ('322a550dce1f8e1812edbd45b7024121', 878),
  ('328dc047df4d5530829d96bca5068a89', 12),
  ('328dc047df4d5530829d96bca5068a89', 28),
  ('328dc047df4d5530829d96bca5068a89', 878),
  ('336dc8595e9fdeb15b139c5fd8e108d9', 18),
  ('336dc8595e9fdeb15b139c5fd8e108d9', 53),
  ('336dc8595e9fdeb15b139c5fd8e108d9', 9648),
  ('33c7d06c5677a84ecd41a5b4d5e1037f', 10749),
  ('33c7d06c5677a84ecd41a5b4d5e1037f', 12),
  ('33c7d06c5677a84ecd41a5b4d5e1037f', 14),
  ('33c7d06c5677a84ecd41a5b4d5e1037f', 18),
  ('35cffdbe3f8ea8ead82b9a10f177cbd1', 99),
  ('366da79ff9dc4b57b1d0ae8eb48899e4', 99),
  ('36f4c6fb0e9bff164728261ec49b9162', 10749),
  ('36f4c6fb0e9bff164728261ec49b9162', 18),
  ('36f4c6fb0e9bff164728261ec49b9162', 35),
  ('3746f08451dd3b65d8c680868980ad44', 10751),
  ('3746f08451dd3b65d8c680868980ad44', 12),
  ('3746f08451dd3b65d8c680868980ad44', 16),
  ('398e2e245d9310f3e177c335d232afa0', 27),
  ('398e2e245d9310f3e177c335d232afa0', 53),
  ('39ea3aec7bfc62c51c70bf1ee56ce42d', 18),
  ('39ea3aec7bfc62c51c70bf1ee56ce42d', 27),
  ('39ea3aec7bfc62c51c70bf1ee56ce42d', 28),
  ('39ea3aec7bfc62c51c70bf1ee56ce42d', 53),
  ('39ea3aec7bfc62c51c70bf1ee56ce42d', 878),
  ('3a05a17d738d939c14c1399abecbe245', 10402),
  ('3a05a17d738d939c14c1399abecbe245', 35),
  ('3b01d7414e4e4af0886178aa3aca880c', 18),
  ('3b01d7414e4e4af0886178aa3aca880c', 37),
  ('3befce83e2ce7c4ef48e8efb5472682c', 18),
  ('3befce83e2ce7c4ef48e8efb5472682c', 28),
  ('3befce83e2ce7c4ef48e8efb5472682c', 53),
  ('3befce83e2ce7c4ef48e8efb5472682c', 878),
  ('3c12ab5d38c6fb78d001be2ced1b8b7e', 99),
  ('3cd978769d44e9da14898004ac06e79e', 99),
  ('3d8f3233a8f517d37c9f34b1012c1a59', 10751),
  ('3d8f3233a8f517d37c9f34b1012c1a59', 16),
  ('3d8f3233a8f517d37c9f34b1012c1a59', 35),
  ('3dd11a543fdbfbef547f18780c85853c', 10770),
  ('3dd11a543fdbfbef547f18780c85853c', 18),
  ('3e13d001c1caa22e0ce068189dd44cfc', 28),
  ('3e13d001c1caa22e0ce068189dd44cfc', 53),
  ('40f3056c4bafe3f4e294c94c13a42e84', 28),
  ('40f3056c4bafe3f4e294c94c13a42e84', 80),
  ('443baa07eefeaa418227d085818be94b', 28),
  ('443baa07eefeaa418227d085818be94b', 37),
  ('443baa07eefeaa418227d085818be94b', 53),
  ('443baa07eefeaa418227d085818be94b', 878),
  ('44df84071673d8f5ba89aa4cd557326c', 10751),
  ('44df84071673d8f5ba89aa4cd557326c', 10770),
  ('44df84071673d8f5ba89aa4cd557326c', 12),
  ('44df84071673d8f5ba89aa4cd557326c', 14),
  ('44df84071673d8f5ba89aa4cd557326c', 16),
  ('44df84071673d8f5ba89aa4cd557326c', 35),
  ('45d17299fafb0cddb98eb04eafa7c940', 10770),
  ('45d17299fafb0cddb98eb04eafa7c940', 18),
  ('460ab827ba41fc0ef3d68d02b5e2cec0', 10749),
  ('460ab827ba41fc0ef3d68d02b5e2cec0', 10752),
  ('460ab827ba41fc0ef3d68d02b5e2cec0', 28),
  ('46b2bb204c187b3884b4e0f269a7b676', 53),
  ('46b2bb204c187b3884b4e0f269a7b676', 878),
  ('46b2bb204c187b3884b4e0f269a7b676', 9648),
  ('46bd1bc8f02ed2c230619952bf6d6982', 28),
  ('46bd1bc8f02ed2c230619952bf6d6982', 35),
  ('474f326baab20668dc1b784cfa20e840', 14),
  ('474f326baab20668dc1b784cfa20e840', 18),
  ('474f326baab20668dc1b784cfa20e840', 27),
  ('474f326baab20668dc1b784cfa20e840', 53),
  ('482c32adea33e3d249f80b6dbdfeb3c2', 10751),
  ('482c32adea33e3d249f80b6dbdfeb3c2', 99),
  ('49f736feb7c2b617b10bfc728c3d473d', 12),
  ('49f736feb7c2b617b10bfc728c3d473d', 28),
  ('49f736feb7c2b617b10bfc728c3d473d', 35),
  ('49f736feb7c2b617b10bfc728c3d473d', 878),
  ('4b9c4f83f2a0b4795f8d1f2a99935406', 10770),
  ('4b9c4f83f2a0b4795f8d1f2a99935406', 28),
  ('4b9c4f83f2a0b4795f8d1f2a99935406', 878),
  ('4bb2603c27e5b961089b45a62c930f64', 12),
  ('4bb2603c27e5b961089b45a62c930f64', 28),
  ('4bb2603c27e5b961089b45a62c930f64', 35),
  ('4bb2603c27e5b961089b45a62c930f64', 878),
  ('4c95348cb0b80724be3979d8c8960b6e', 10402),
  ('4c95348cb0b80724be3979d8c8960b6e', 10749),
  ('4c95348cb0b80724be3979d8c8960b6e', 18),
  ('4c95348cb0b80724be3979d8c8960b6e', 35),
  ('4d7dec8366ffc1b0f8f364f00ab01da0', 27),
  ('4d83d81fa9d8cbb4f4ecfe314d64854a', 12),
  ('4d83d81fa9d8cbb4f4ecfe314d64854a', 14),
  ('4d83d81fa9d8cbb4f4ecfe314d64854a', 28),
  ('4d83d81fa9d8cbb4f4ecfe314d64854a', 878),
  ('4dea7df756d2cfd11a696a55fed4d17d', 10402),
  ('4dea7df756d2cfd11a696a55fed4d17d', 10749),
  ('4dea7df756d2cfd11a696a55fed4d17d', 35),
  ('4e098c688e7c6779a4b76a6117c57838', 10749),
  ('4e098c688e7c6779a4b76a6117c57838', 10751),
  ('4e098c688e7c6779a4b76a6117c57838', 14),
  ('4e098c688e7c6779a4b76a6117c57838', 18),
  ('4fc8fc2b16d438bc846f07695cc342f5', 12),
  ('4fc8fc2b16d438bc846f07695cc342f5', 14),
  ('4fc8fc2b16d438bc846f07695cc342f5', 28),
  ('4fc8fc2b16d438bc846f07695cc342f5', 878),
  ('50fd639ebcc32260d6246933f5e4ad39', 10770),
  ('50fd639ebcc32260d6246933f5e4ad39', 35),
  ('525ab06d25e89cf992ec83e6d11aad0c', 18),
  ('525ab06d25e89cf992ec83e6d11aad0c', 27),
  ('525ab06d25e89cf992ec83e6d11aad0c', 53),
  ('525ab06d25e89cf992ec83e6d11aad0c', 80),
  ('525ab06d25e89cf992ec83e6d11aad0c', 9648),
  ('5297eb3bbf328da2982677275d8080a1', 28),
  ('5297eb3bbf328da2982677275d8080a1', 53),
  ('5297eb3bbf328da2982677275d8080a1', 80),
  ('5297eb3bbf328da2982677275d8080a1', 9648),
  ('5346b368419b4e7512c62b8846ab4c14', 36),
  ('5346b368419b4e7512c62b8846ab4c14', 99),
  ('53d6db3cb6e79af5a4fd7f3f85b064c9', 18),
  ('53d6db3cb6e79af5a4fd7f3f85b064c9', 36),
  ('53d6db3cb6e79af5a4fd7f3f85b064c9', 53),
  ('53d6db3cb6e79af5a4fd7f3f85b064c9', 80),
  ('53d6db3cb6e79af5a4fd7f3f85b064c9', 9648),
  ('57b8076a14aa895a594c0ab092271023', 12),
  ('57b8076a14aa895a594c0ab092271023', 14),
  ('57b8076a14aa895a594c0ab092271023', 28),
  ('57d2e72af365f8b7badf777f94c4cda3', 10749),
  ('57d2e72af365f8b7badf777f94c4cda3', 18),
  ('57dc724f7fca931354470055e3dda0cc', 12),
  ('57dc724f7fca931354470055e3dda0cc', 28),
  ('57dc724f7fca931354470055e3dda0cc', 53),
  ('57dc724f7fca931354470055e3dda0cc', 878),
  ('57dc724f7fca931354470055e3dda0cc', 9648),
  ('57fc6e609ed8cdffe22728990b80e6a4', 18),
  ('57fc6e609ed8cdffe22728990b80e6a4', 35),
  ('588166b83eba84b693cfa5ad858ae4b1', 10752),
  ('588166b83eba84b693cfa5ad858ae4b1', 18),
  ('599a84cfac67c10fafd9016d812a3d19', 27),
  ('599a84cfac67c10fafd9016d812a3d19', 9648),
  ('5a1bff6552e0289e7009f75084092258', 14),
  ('5a1bff6552e0289e7009f75084092258', 18),
  ('5a1bff6552e0289e7009f75084092258', 28),
  ('5b74cd7847648f64bd74491260f73f01', 10751),
  ('5b74cd7847648f64bd74491260f73f01', 12),
  ('5b74cd7847648f64bd74491260f73f01', 14),
  ('5b91bf587a170ce33eb4bfe9dcc909d7', 10752),
  ('5b91bf587a170ce33eb4bfe9dcc909d7', 18),
  ('5c30d720e94e192b1ac291eb02069899', 12),
  ('5c30d720e94e192b1ac291eb02069899', 28),
  ('5c30d720e94e192b1ac291eb02069899', 35),
  ('5cac025b18f119d0cc13c928c1c1fb7e', 10402),
  ('5cac025b18f119d0cc13c928c1c1fb7e', 10749),
  ('5cac025b18f119d0cc13c928c1c1fb7e', 18),
  ('5cbf082fe4464ad8a88f4d6124b36e93', 10402),
  ('5cbf082fe4464ad8a88f4d6124b36e93', 10749),
  ('5cbf082fe4464ad8a88f4d6124b36e93', 14),
  ('5cbf082fe4464ad8a88f4d6124b36e93', 16),
  ('5fbb3511ecc42121981bb895df996cd6', 12),
  ('5fbb3511ecc42121981bb895df996cd6', 28),
  ('5fbb3511ecc42121981bb895df996cd6', 878),
  ('60f971331aa31ebb6d2c60a12238ac87', 12),
  ('60f971331aa31ebb6d2c60a12238ac87', 14),
  ('60f971331aa31ebb6d2c60a12238ac87', 28),
  ('60f971331aa31ebb6d2c60a12238ac87', 878),
  ('62c19a16c5df788f484814cbd7150857', 18),
  ('62c19a16c5df788f484814cbd7150857', 37),
  ('62c19a16c5df788f484814cbd7150857', 53),
  ('62c19a16c5df788f484814cbd7150857', 80),
  ('632d4590d9e13cb656a5bfebd9d34343', 10770),
  ('632d4590d9e13cb656a5bfebd9d34343', 18),
  ('632d4590d9e13cb656a5bfebd9d34343', 36),
  ('632d4590d9e13cb656a5bfebd9d34343', 80),
  ('63a99cbc52c83378142d74770b645c37', 10402),
  ('63a99cbc52c83378142d74770b645c37', 18),
  ('6427083c504cd10bd7e1389bc163ac9b', 18),
  ('6427083c504cd10bd7e1389bc163ac9b', 80),
  ('65500daecc1131593fbb7d52e2935993', 18),
  ('65500daecc1131593fbb7d52e2935993', 36),
  ('6762f8a57f279958ee2d4d1016390db1', 18),
  ('6762f8a57f279958ee2d4d1016390db1', 80),
  ('67714b00e4cc4996c96a69d3a146414b', 10770),
  ('67714b00e4cc4996c96a69d3a146414b', 28),
  ('67714b00e4cc4996c96a69d3a146414b', 53),
  ('68403e92c65a49025946ed828677c991', 10752),
  ('68403e92c65a49025946ed828677c991', 18),
  ('68403e92c65a49025946ed828677c991', 28),
  ('68403e92c65a49025946ed828677c991', 53),
  ('6952091f5cbfcfe2ef57ed5514c029de', 28),
  ('6952091f5cbfcfe2ef57ed5514c029de', 53),
  ('6952091f5cbfcfe2ef57ed5514c029de', 80),
  ('6952091f5cbfcfe2ef57ed5514c029de', 9648),
  ('6a067094ad69eca7dc13fd3457c9da08', 27),
  ('6a067094ad69eca7dc13fd3457c9da08', 28),
  ('6a067094ad69eca7dc13fd3457c9da08', 53),
  ('6a7701030f188fd44a1d165c8699ee78', 18),
  ('6a7701030f188fd44a1d165c8699ee78', 28),
  ('6a7701030f188fd44a1d165c8699ee78', 53),
  ('6a7701030f188fd44a1d165c8699ee78', 80),
  ('6b3bf5a34b5ec174f29f8a4e90428002', 10402),
  ('6b3bf5a34b5ec174f29f8a4e90428002', 99),
  ('6b6f7970ffd07ce40c59c023d46563fc', 10749),
  ('6b6f7970ffd07ce40c59c023d46563fc', 12),
  ('6b6f7970ffd07ce40c59c023d46563fc', 14),
  ('6bb52d2d970eb0c96c8a42b3bfe4bd32', 37),
  ('6e943ef7085d81dca4ce0966c240d74f', 10752),
  ('6e943ef7085d81dca4ce0966c240d74f', 18),
  ('6e943ef7085d81dca4ce0966c240d74f', 28),
  ('6e943ef7085d81dca4ce0966c240d74f', 36),
  ('6fe54d3cb8c256864f6b273e98cf0f84', 18),
  ('70be72d18d4adbdd46fa3259014629d3', 10402),
  ('70be72d18d4adbdd46fa3259014629d3', 10751),
  ('70be72d18d4adbdd46fa3259014629d3', 12),
  ('70be72d18d4adbdd46fa3259014629d3', 14),
  ('70be72d18d4adbdd46fa3259014629d3', 35),
  ('7690d2c3981c24a36733b96bfe2c4bcc', 99),
  ('76bb73943e2aacc706e99917672e9dd2', 28),
  ('76bb73943e2aacc706e99917672e9dd2', 35),
  ('76bb73943e2aacc706e99917672e9dd2', 80),
  ('76f8d776ec4fd69d6805b23f24ef3357', 12),
  ('76f8d776ec4fd69d6805b23f24ef3357', 53),
  ('76f8d776ec4fd69d6805b23f24ef3357', 878),
  ('776531cf82774bd8e4d7a3e4712cfbaf', 18),
  ('78196a44767afa6bb81ce143f304e3b7', 27),
  ('7afb0e938c074cc5d9c7eab7aad39aa0', 18),
  ('7afb0e938c074cc5d9c7eab7aad39aa0', 80),
  ('7afb0e938c074cc5d9c7eab7aad39aa0', 9648),
  ('7b52e0fa2fed3de3171ec255abc08f48', 12),
  ('7b52e0fa2fed3de3171ec255abc08f48', 16),
  ('7b52e0fa2fed3de3171ec255abc08f48', 35),
  ('7b55bd712c037b6c3b37c4643248cd92', 12),
  ('7b55bd712c037b6c3b37c4643248cd92', 14),
  ('7b55bd712c037b6c3b37c4643248cd92', 28),
  ('7b6f645c9e477ae6d319d6bb98d92a36', 10751),
  ('7b6f645c9e477ae6d319d6bb98d92a36', 16),
  ('7b6f645c9e477ae6d319d6bb98d92a36', 18),
  ('7b6f645c9e477ae6d319d6bb98d92a36', 35),
  ('7d8613212459ea5077b992914743a1f6', 10402),
  ('7d8613212459ea5077b992914743a1f6', 10749),
  ('7d8613212459ea5077b992914743a1f6', 18),
  ('7d8613212459ea5077b992914743a1f6', 80),
  ('7dbbf1a3ba15e18408d821dfefbf0ed1', 10770),
  ('7dbbf1a3ba15e18408d821dfefbf0ed1', 18),
  ('7dbbf1a3ba15e18408d821dfefbf0ed1', 53),
  ('7dbbf1a3ba15e18408d821dfefbf0ed1', 878),
  ('7dbbf1a3ba15e18408d821dfefbf0ed1', 9648),
  ('7dd6240abc9b62a44efdf62b01039040', 10751),
  ('7dd6240abc9b62a44efdf62b01039040', 16),
  ('7ddb2f7e668b4d88868a43414d748d5c', 27),
  ('7ddb2f7e668b4d88868a43414d748d5c', 53),
  ('7ddb2f7e668b4d88868a43414d748d5c', 878),
  ('7f57dc6aa7f7aafbd39fb3099c73688d', 12),
  ('7f57dc6aa7f7aafbd39fb3099c73688d', 28),
  ('7f57dc6aa7f7aafbd39fb3099c73688d', 53),
  ('7f57dc6aa7f7aafbd39fb3099c73688d', 80),
  ('807da0e6f1f22924154dbd7483bf5c43', 18),
  ('807da0e6f1f22924154dbd7483bf5c43', 80),
  ('820d5c9aef08b8d299ef74a68dd70a0c', 18),
  ('833b9197caf69cd9f9fe389b278cd5af', 12),
  ('833b9197caf69cd9f9fe389b278cd5af', 28),
  ('833b9197caf69cd9f9fe389b278cd5af', 35),
  ('833b9197caf69cd9f9fe389b278cd5af', 53),
  ('833b9197caf69cd9f9fe389b278cd5af', 80),
  ('833b9197caf69cd9f9fe389b278cd5af', 9648),
  ('844dbc159b3fec3d1af2d1be71f0ac44', 10751),
  ('844dbc159b3fec3d1af2d1be71f0ac44', 12),
  ('844dbc159b3fec3d1af2d1be71f0ac44', 14),
  ('84b1a651aef5ce91d7fa165fe4098675', 10749),
  ('84b1a651aef5ce91d7fa165fe4098675', 10751),
  ('84b1a651aef5ce91d7fa165fe4098675', 14),
  ('84fbbaf0995f5d0aabc55c346225109d', 37),
  ('86eebe8731a720306f37a3b2f25db853', 10751),
  ('86eebe8731a720306f37a3b2f25db853', 10770),
  ('86eebe8731a720306f37a3b2f25db853', 16),
  ('8dda2510f569b7e9a31878c5b5ccf713', 10749),
  ('8dda2510f569b7e9a31878c5b5ccf713', 12),
  ('8dda2510f569b7e9a31878c5b5ccf713', 14),
  ('8dda2510f569b7e9a31878c5b5ccf713', 18),
  ('8ea05b45e0ec25fc39972d5127e349e2', 27),
  ('8ea05b45e0ec25fc39972d5127e349e2', 53),
  ('8ea05b45e0ec25fc39972d5127e349e2', 878),
  ('8fcedd87aabfbc68aba5ed8ff65383da', 99),
  ('91967019a18dfbf0dce65c9954e50fd5', 37),
  ('920162d4bc2128d99fe09e293606845b', 28),
  ('920162d4bc2128d99fe09e293606845b', 53),
  ('920162d4bc2128d99fe09e293606845b', 80),
  ('9346cd1a8b82de7e63198b2ad997728d', 10751),
  ('9346cd1a8b82de7e63198b2ad997728d', 99),
  ('93d777e49c46f28ea733f433d41476d1', 10752),
  ('93d777e49c46f28ea733f433d41476d1', 18),
  ('93d777e49c46f28ea733f433d41476d1', 36),
  ('93ea9913c61371c34aeaaeeefa8334fe', 10751),
  ('93ea9913c61371c34aeaaeeefa8334fe', 12),
  ('93ea9913c61371c34aeaaeeefa8334fe', 16),
  ('93ea9913c61371c34aeaaeeefa8334fe', 35),
  ('9420a72b32066eb95c4e3c0af7a0f3fd', 37),
  ('95689920aa4a193dcf71569d0c9e1502', 12),
  ('95689920aa4a193dcf71569d0c9e1502', 28),
  ('95689920aa4a193dcf71569d0c9e1502', 37),
  ('959de6dc73581d11400b005db23c7eba', 18),
  ('959de6dc73581d11400b005db23c7eba', 36),
  ('960391985f91a3929d76cd543895cf06', 10751),
  ('960391985f91a3929d76cd543895cf06', 12),
  ('960391985f91a3929d76cd543895cf06', 14),
  ('98855723d4a74828be1a4e02a3ab31a6', 18),
  ('98855723d4a74828be1a4e02a3ab31a6', 36),
  ('98c1ef1810cb237a96f8c48d2f710dec', 18),
  ('98c1ef1810cb237a96f8c48d2f710dec', 35),
  ('98c1ef1810cb237a96f8c48d2f710dec', 99),
  ('992e2345403324f98d4e317dc42215cd', 10751),
  ('992e2345403324f98d4e317dc42215cd', 14),
  ('992e2345403324f98d4e317dc42215cd', 16),
  ('99cb0f2bdd73d46d8dcbd3fe5ca10b76', 10752),
  ('99cb0f2bdd73d46d8dcbd3fe5ca10b76', 28),
  ('99cb0f2bdd73d46d8dcbd3fe5ca10b76', 878),
  ('9bdc32b4b8d102b8672b6811fc27117d', 27),
  ('9bdc32b4b8d102b8672b6811fc27117d', 80),
  ('9bdc32b4b8d102b8672b6811fc27117d', 9648),
  ('9ca81b4d34ce89cc4d49da72d34f811d', 18),
  ('9ca81b4d34ce89cc4d49da72d34f811d', 27),
  ('9ca81b4d34ce89cc4d49da72d34f811d', 9648),
  ('9db4a2999bd6c5195fd54ae3afae07f8', 18),
  ('9db4a2999bd6c5195fd54ae3afae07f8', 53),
  ('9db4a2999bd6c5195fd54ae3afae07f8', 878),
  ('9db4a2999bd6c5195fd54ae3afae07f8', 9648),
  ('9f9c8124b42e0538b5f74e92d9318a80', 18),
  ('9f9c8124b42e0538b5f74e92d9318a80', 36),
  ('9f9c8124b42e0538b5f74e92d9318a80', 80),
  ('9fa91efc845f379dda5a4b611db06b81', 99),
  ('a33bebedf36d8f283f1612604b313f3f', 27),
  ('a716e61b08b490dc9d410950382248c5', 18),
  ('a716e61b08b490dc9d410950382248c5', 37),
  ('a716e61b08b490dc9d410950382248c5', 80),
  ('a716e61b08b490dc9d410950382248c5', 9648),
  ('aacf049b1609e654edf287a4ddd5926f', 18),
  ('aacf049b1609e654edf287a4ddd5926f', 36),
  ('aacf049b1609e654edf287a4ddd5926f', 53),
  ('aacf049b1609e654edf287a4ddd5926f', 80),
  ('ac39289e3bbf5fa15b350b380f454fd3', 10751),
  ('ac39289e3bbf5fa15b350b380f454fd3', 12),
  ('ac39289e3bbf5fa15b350b380f454fd3', 16),
  ('ac39289e3bbf5fa15b350b380f454fd3', 35),
  ('ac39289e3bbf5fa15b350b380f454fd3', 37),
  ('acf90419b4842bb2423d1730f2ab1f01', 18),
  ('acf90419b4842bb2423d1730f2ab1f01', 27),
  ('acf90419b4842bb2423d1730f2ab1f01', 53),
  ('aedbec99bb17b8a1b0450fbfd65bd27a', 10749),
  ('aee770325cc90cb95e2b61b0857da796', 12),
  ('aee770325cc90cb95e2b61b0857da796', 18),
  ('aee770325cc90cb95e2b61b0857da796', 37),
  ('afc81b9f2eb80fd48efdf4b4c180bc47', 10751),
  ('afc81b9f2eb80fd48efdf4b4c180bc47', 12),
  ('afc81b9f2eb80fd48efdf4b4c180bc47', 16),
  ('afc81b9f2eb80fd48efdf4b4c180bc47', 35),
  ('b13be227442d1d464d7b30e58e5f62d0', 27),
  ('b13be227442d1d464d7b30e58e5f62d0', 53),
  ('b22bd5301c5a6e6dee779cd00d5f8918', 99),
  ('b22e2c16ab5765137d078185cb75eb84', 10770),
  ('b22e2c16ab5765137d078185cb75eb84', 18),
  ('b3018d09aef8228bf49f665224521e18', 10749),
  ('b3018d09aef8228bf49f665224521e18', 12),
  ('b3018d09aef8228bf49f665224521e18', 14),
  ('b3018d09aef8228bf49f665224521e18', 18),
  ('b441dda050eb1b4e27fdb134fc665077', 99),
  ('b442f4baecc077d8d606356f031aeb33', 10770),
  ('b442f4baecc077d8d606356f031aeb33', 18),
  ('b442f4baecc077d8d606356f031aeb33', 36),
  ('b459da38f37f3e57930cc2eca415eb7b', 12),
  ('b459da38f37f3e57930cc2eca415eb7b', 14),
  ('b459da38f37f3e57930cc2eca415eb7b', 28),
  ('b459da38f37f3e57930cc2eca415eb7b', 35),
  ('b62419fa80f10af7a8e26a61f2ef9718', 27),
  ('b62419fa80f10af7a8e26a61f2ef9718', 53),
  ('b693670da822943993d54670b9cb0c97', 10770),
  ('b693670da822943993d54670b9cb0c97', 18),
  ('b693670da822943993d54670b9cb0c97', 36),
  ('b7309e076efd11cf4adbda1d401d819e', 18),
  ('b7309e076efd11cf4adbda1d401d819e', 53),
  ('b7309e076efd11cf4adbda1d401d819e', 9648),
  ('b7ea1b33e80615dc4de73f809b1d65a8', 10752),
  ('b7ea1b33e80615dc4de73f809b1d65a8', 18),
  ('b7ea1b33e80615dc4de73f809b1d65a8', 878),
  ('b8a0fc2f131e1ebd8d58bf8a15b226b3', 10749),
  ('b8a0fc2f131e1ebd8d58bf8a15b226b3', 14),
  ('b8a0fc2f131e1ebd8d58bf8a15b226b3', 18),
  ('b8a0fc2f131e1ebd8d58bf8a15b226b3', 53),
  ('b8a0fc2f131e1ebd8d58bf8a15b226b3', 9648),
  ('b90d03ff6e2218e0cb01eece5b0d6a79', 37),
  ('ba8ae70891a3e90d1960bf24df19352b', 18),
  ('ba8ae70891a3e90d1960bf24df19352b', 37),
  ('bb4b8b65a0f05a9d62a288bbae756ba1', 10752),
  ('bbc097370df9d61574c77a09d6c86493', 10751),
  ('bbc097370df9d61574c77a09d6c86493', 12),
  ('bbc097370df9d61574c77a09d6c86493', 16),
  ('bbcf79323f64e61ef7cffe1f3b0792a5', 28),
  ('bbcf79323f64e61ef7cffe1f3b0792a5', 53),
  ('bbcf79323f64e61ef7cffe1f3b0792a5', 9648),
  ('bc034e50b914401a7b2fb45bc6bcdfd6', 12),
  ('bc034e50b914401a7b2fb45bc6bcdfd6', 28),
  ('bc034e50b914401a7b2fb45bc6bcdfd6', 878),
  ('bd2cbb3c263f20638108a73d0bc8b22e', 10749),
  ('bd2cbb3c263f20638108a73d0bc8b22e', 10770),
  ('bdacd7d1e59d0c08f49da656e6f386bc', 12),
  ('bdacd7d1e59d0c08f49da656e6f386bc', 28),
  ('bdacd7d1e59d0c08f49da656e6f386bc', 878),
  ('be6a3ed0487f1e1e54f604485782feae', 10402),
  ('be6a3ed0487f1e1e54f604485782feae', 10751),
  ('be6a3ed0487f1e1e54f604485782feae', 10770),
  ('be6a3ed0487f1e1e54f604485782feae', 12),
  ('be6a3ed0487f1e1e54f604485782feae', 28),
  ('be6a3ed0487f1e1e54f604485782feae', 35),
  ('bea8c315d66746f4a1da72ae2481f2d3', 53),
  ('bea8c315d66746f4a1da72ae2481f2d3', 80),
  ('bea8c315d66746f4a1da72ae2481f2d3', 9648),
  ('c06bf347a31215391861cdfa9b6299a5', 10752),
  ('c06bf347a31215391861cdfa9b6299a5', 18),
  ('c06bf347a31215391861cdfa9b6299a5', 36),
  ('c1d6d64f5d1a7380feb3894030a30934', 12),
  ('c1d6d64f5d1a7380feb3894030a30934', 14),
  ('c1d6d64f5d1a7380feb3894030a30934', 28),
  ('c2f94d66117b8730a433b774650919e3', 18),
  ('c7579043c0e6a1bbf9360361492f7f02', 99),
  ('c8110a6d852cb7fbf168128ee384e4ce', 10402),
  ('c8110a6d852cb7fbf168128ee384e4ce', 10749),
  ('c8110a6d852cb7fbf168128ee384e4ce', 35),
  ('c9640001e9c97eae34942620b236e672', 10752),
  ('c9640001e9c97eae34942620b236e672', 36),
  ('c9640001e9c97eae34942620b236e672', 53),
  ('c9a8430161b81572aff6211090b448c8', 10752),
  ('c9a8430161b81572aff6211090b448c8', 12),
  ('c9a8430161b81572aff6211090b448c8', 28),
  ('c9c556bb1191592f6f90ac98c15873ec', 12),
  ('c9c556bb1191592f6f90ac98c15873ec', 28),
  ('c9c556bb1191592f6f90ac98c15873ec', 80),
  ('caaf50923323282828ed2d4738a86e9f', 10751),
  ('caaf50923323282828ed2d4738a86e9f', 12),
  ('caaf50923323282828ed2d4738a86e9f', 16),
  ('caaf50923323282828ed2d4738a86e9f', 35),
  ('cd28a7b39dd74030919d375f834bd253', 10752),
  ('cd28a7b39dd74030919d375f834bd253', 28),
  ('d06b047d93b9442550c5ada599f3e2b1', 10752),
  ('d06b047d93b9442550c5ada599f3e2b1', 14),
  ('d06b047d93b9442550c5ada599f3e2b1', 18),
  ('d06b047d93b9442550c5ada599f3e2b1', 27),
  ('d06b047d93b9442550c5ada599f3e2b1', 28),
  ('d19e5bb2b7df5ce7efbadc8945358278', 10402),
  ('d19e5bb2b7df5ce7efbadc8945358278', 10749),
  ('d19e5bb2b7df5ce7efbadc8945358278', 18),
  ('d54e5fc6436b088b7f4fd2e091773d47', 35),
  ('d54e5fc6436b088b7f4fd2e091773d47', 37),
  ('d5866eebed169eb9c312fb49df7f33c4', 10770),
  ('d5866eebed169eb9c312fb49df7f33c4', 99),
  ('d5d0abc13f1c13220753a966fc65ff8b', 10752),
  ('d5d0abc13f1c13220753a966fc65ff8b', 18),
  ('d5d0abc13f1c13220753a966fc65ff8b', 28),
  ('d79b18d705d092a79496e384ebd1f48e', 18),
  ('d79b18d705d092a79496e384ebd1f48e', 28),
  ('d79b18d705d092a79496e384ebd1f48e', 53),
  ('d79b18d705d092a79496e384ebd1f48e', 878),
  ('d8e748f27416fb2624886b00a2848be2', 10402),
  ('d8e748f27416fb2624886b00a2848be2', 18),
  ('d8e8383fc33ee9b81a0ceee41c1d9b66', 10751),
  ('d8e8383fc33ee9b81a0ceee41c1d9b66', 10770),
  ('d8e8383fc33ee9b81a0ceee41c1d9b66', 12),
  ('d8e8383fc33ee9b81a0ceee41c1d9b66', 16),
  ('d8e8383fc33ee9b81a0ceee41c1d9b66', 35),
  ('d93a01789c09695be6d8458e26938709', 28),
  ('d93a01789c09695be6d8458e26938709', 53),
  ('d93a01789c09695be6d8458e26938709', 878),
  ('d93a01789c09695be6d8458e26938709', 9648),
  ('dacf18ef974ace56d7f9a6e2dfe92cf6', 10749),
  ('dacf18ef974ace56d7f9a6e2dfe92cf6', 18),
  ('dbf7c89069100bc7bb7d8d000ea1987d', 10751),
  ('dbf7c89069100bc7bb7d8d000ea1987d', 10770),
  ('dbf7c89069100bc7bb7d8d000ea1987d', 16),
  ('dc41a570a03efacbb73a8253c80c4122', 18),
  ('dc41a570a03efacbb73a8253c80c4122', 36),
  ('dff65e8ee82e0e5d4559922bd607fa05', 37),
  ('e0cfc7d096410607765c2a1698b3eaa9', 10749),
  ('e0cfc7d096410607765c2a1698b3eaa9', 16),
  ('e0cfc7d096410607765c2a1698b3eaa9', 18),
  ('e0d36d88b2688618b1550ce8bf61fcaf', 18),
  ('e0d36d88b2688618b1550ce8bf61fcaf', 28),
  ('e0d36d88b2688618b1550ce8bf61fcaf', 878),
  ('e12b66e1fd4dabe0e697e440a7a5c480', 10402),
  ('e12b66e1fd4dabe0e697e440a7a5c480', 10749),
  ('e12b66e1fd4dabe0e697e440a7a5c480', 18),
  ('e1349475d76922166b50de20e380ccf2', 10751),
  ('e1349475d76922166b50de20e380ccf2', 12),
  ('e1349475d76922166b50de20e380ccf2', 14),
  ('e337a740e22b349344077ddb73c50f10', 12),
  ('e337a740e22b349344077ddb73c50f10', 18),
  ('e337a740e22b349344077ddb73c50f10', 27),
  ('e337a740e22b349344077ddb73c50f10', 53),
  ('e559965610ae6d547f05bad962097466', 10402),
  ('e559965610ae6d547f05bad962097466', 10751),
  ('e559965610ae6d547f05bad962097466', 16),
  ('e559965610ae6d547f05bad962097466', 18),
  ('e559965610ae6d547f05bad962097466', 35),
  ('e564dc045bec3304963cdae32f8853b0', 28),
  ('e564dc045bec3304963cdae32f8853b0', 53),
  ('e564dc045bec3304963cdae32f8853b0', 878),
  ('e6575a4616c038e9c06c8c3bb611487b', 9648),
  ('e708ed266c3af85357a48893c97de678', 10751),
  ('e708ed266c3af85357a48893c97de678', 16),
  ('e708ed266c3af85357a48893c97de678', 35),
  ('e782f8acf2ad0b2aac150327806362f5', 12),
  ('e782f8acf2ad0b2aac150327806362f5', 28),
  ('e782f8acf2ad0b2aac150327806362f5', 37),
  ('ebfe0232f18b3e3d903e2eba89febae9', 18),
  ('ebfe0232f18b3e3d903e2eba89febae9', 35),
  ('ebfe0232f18b3e3d903e2eba89febae9', 36),
  ('ec48fd0f2727450e0a164a166e2bf740', 28),
  ('ec48fd0f2727450e0a164a166e2bf740', 878),
  ('ed5320364f99109be63263b7d86d51c5', 10752),
  ('ed5320364f99109be63263b7d86d51c5', 18),
  ('ed5320364f99109be63263b7d86d51c5', 36),
  ('ee1141354b49db956aaeb0e9036d00c4', 10752),
  ('ee1141354b49db956aaeb0e9036d00c4', 18),
  ('ee1141354b49db956aaeb0e9036d00c4', 36),
  ('ee1141354b49db956aaeb0e9036d00c4', 53),
  ('f0a969cc30461b7b3b919a6963640154', 18),
  ('f0a969cc30461b7b3b919a6963640154', 35),
  ('f179b9f3d2279e7d3ad91b6f0ecc694e', 37),
  ('f2aba1ff8578b929f51544c62133a69d', 12),
  ('f2aba1ff8578b929f51544c62133a69d', 14),
  ('f2aba1ff8578b929f51544c62133a69d', 28),
  ('f2aba1ff8578b929f51544c62133a69d', 35),
  ('f2aba1ff8578b929f51544c62133a69d', 878),
  ('f3ee92b344ab177d19a8f1d1cef96f92', 12),
  ('f3ee92b344ab177d19a8f1d1cef96f92', 14),
  ('f3ee92b344ab177d19a8f1d1cef96f92', 18),
  ('f4a299649991585596718ed9048eb753', 10751),
  ('f4a299649991585596718ed9048eb753', 14),
  ('f4a299649991585596718ed9048eb753', 16),
  ('f6ab9e220d0248e9bd89b2f31e9124b9', 16),
  ('f6ab9e220d0248e9bd89b2f31e9124b9', 18),
  ('f7032e1b21a4e9396e86ffdc02ece6a5', 10751),
  ('f7032e1b21a4e9396e86ffdc02ece6a5', 12),
  ('f7032e1b21a4e9396e86ffdc02ece6a5', 14),
  ('f7032e1b21a4e9396e86ffdc02ece6a5', 9648),
  ('f745df06345753feeb9e3d6eee688d81', 10751),
  ('f745df06345753feeb9e3d6eee688d81', 12),
  ('f745df06345753feeb9e3d6eee688d81', 16),
  ('f745df06345753feeb9e3d6eee688d81', 28),
  ('f7f494993024187e18a37f6dd496a15e', 10402),
  ('f7f494993024187e18a37f6dd496a15e', 18),
  ('f83b10cfa399d9859ed6080bd32d6fde', 99),
  ('f885c6141174e0cea6e1e45e7de48366', 10751),
  ('f885c6141174e0cea6e1e45e7de48366', 14),
  ('f885c6141174e0cea6e1e45e7de48366', 35),
  ('f8b5badb740f0c0ccdd49a00b6ba4774', 18),
  ('f8b5badb740f0c0ccdd49a00b6ba4774', 35),
  ('f977bc07111010dd0363b068ce4c5311', 10751),
  ('f977bc07111010dd0363b068ce4c5311', 12),
  ('f977bc07111010dd0363b068ce4c5311', 28),
  ('f977bc07111010dd0363b068ce4c5311', 35),
  ('fd7e4555a42eab2d2f31aa11d8b3acc3', 10749),
  ('fd7e4555a42eab2d2f31aa11d8b3acc3', 14),
  ('fd7e4555a42eab2d2f31aa11d8b3acc3', 18),
  ('fdb94f99fbe3f973f9cc366d0a8a7e4d', 10752),
  ('ff21cbf8e6bb9acd59276f4c04361240', 12),
  ('ff21cbf8e6bb9acd59276f4c04361240', 28),
  ('ff21cbf8e6bb9acd59276f4c04361240', 53),
  ('ff21cbf8e6bb9acd59276f4c04361240', 878),
  ('ff9132f9c9b2aa8e9289d3afda395c08', 10402),
  ('ff9132f9c9b2aa8e9289d3afda395c08', 18),
  ('ff9132f9c9b2aa8e9289d3afda395c08', 27)
;